Date,Product,Units_Sold,Unit_Price,Revenue
2023-01-01,Speaker,165.0,3373,556545
2023-01-01,Graphics Card,184.0,3865,711160
2023-01-01,Router,39.0,31231,1218009
2023-01-01,Laptop,193.0,41416,7993288
2023-01-02,Smartphone,134.0,2060,276040
2023-01-02,Monitor,161.0,28769,4631809
2023-01-02,Printer,94.0,9669,908886
2023-01-03,Router,132.0,8375,1105500
2023-01-04,Speaker,34.0,13256,450704
2023-01-05,Headphones,47.0,780,36660
2023-01-05,Laptop,96.0,30850,2961600
2023-01-05,Router,188.0,40646,7641448
2023-01-05,Camera,79.0,1857,146703
2023-01-05,SSD,145.0,19090,2768050
2023-01-06,Hard Drive,78.0,26664,2079792
2023-01-07,Speaker,98.0,9165,898170
2023-01-08,Smartphone,23.0,13096,301208
2023-01-08,Tablet,60.0,11133,667980
2023-01-08,Smartwatch,60.0,11783,706980
2023-01-09,Printer,126.0,37629,4741254
2023-01-09,Smartphone,65.0,15293,994045
2023-01-10,Mouse,67.0,43833,2936811
2023-01-10,Keyboard,33.0,43409,1432497
2023-01-11,Smartphone,77.0,21174,1630398
2023-01-12,Hard Drive,158.0,45586,7202588
2023-01-12,Graphics Card,116.0,10015,1161740
2023-01-13,Laptop,185.0,22163,4100155
2023-01-14,Router,18.0,11481,206658
2023-01-15,Printer,,2111,122438
2023-01-15,Keyboard,23.0,37664,866272
2023-01-15,Hard Drive,21.0,27894,585774
2023-01-15,Headphones,20.0,25050,501000
2023-01-15,Monitor,190.0,32398,6155620
2023-01-16,SSD,192.0,41257,7921344
2023-01-17,Mouse,72.0,16006,1152432
2023-01-18,Keyboard,169.0,10533,1780077
2023-01-18,Keyboard,199.0,29184,5807616
2023-01-19,Smartphone,115.0,30599,3518885
2023-01-19,Mouse,122.0,18789,2292258
2023-01-20,Speaker,178.0,5876,1045928
2023-01-21,Headphones,165.0,42192,6961680
2023-01-21,Smartwatch,128.0,49453,6329984
2023-01-22,Speaker,165.0,21926,3617790
2023-01-22,Graphics Card,65.0,25095,1631175
2023-01-23,Smartwatch,100.0,12212,1221200
2023-01-23,Router,147.0,25951,3814797
2023-01-23,Smartwatch,153.0,5893,901629
2023-01-23,Graphics Card,134.0,16299,2184066
2023-01-25,Smartwatch,164.0,44717,7333588
2023-01-25,Graphics Card,182.0,45933,8359806
2023-01-25,Headphones,69.0,44414,3064566
2023-01-26,Smartphone,125.0,26636,3329500
2023-01-26,Keyboard,187.0,30681,5737347
2023-01-27,Headphones,13.0,27203,353639
2023-01-28,Printer,197.0,18119,3569443
2023-01-28,Mouse,162.0,14634,2370708
2023-01-28,Headphones,50.0,44625,2231250
2023-01-28,Smartwatch,125.0,28326,3540750
2023-01-29,Laptop,158.0,44824,7082192
2023-01-29,Smartphone,110.0,49301,5423110
2023-02-01,Tablet,44.0,16294,716936
2023-02-02,Router,77.0,45834,3529218
2023-02-02,Tablet,92.0,36803,3385876
2023-02-03,Camera,30.0,33750,1012500
2023-02-03,Mouse,49.0,27156,1330644
2023-02-04,Mouse,55.0,39990,2199450
2023-02-04,Smartphone,163.0,6131,999353
2023-02-05,Printer,67.0,29604,1983468
2023-02-05,Smartphone,129.0,5285,681765
2023-02-06,Hard Drive,127.0,29420,3736340
2023-02-06,Laptop,192.0,10986,2109312
2023-02-06,Tablet,34.0,32372,1100648
2023-02-07,Hard Drive,124.0,46192,5727808
2023-02-08,Router,173.0,28252,4887596
2023-02-08,Smartphone,44.0,5046,222024
2023-02-08,Printer,156.0,47932,7477392
2023-02-08,Headphones,95.0,39879,3788505
2023-02-08,Monitor,51.0,21893,1116543
2023-02-09,Keyboard,,20566,2282826
2023-02-10,Graphics Card,58.0,44869,2602402
2023-02-10,Camera,33.0,1241,40953
2023-02-10,Smartwatch,172.0,35526,6110472
2023-02-11,Router,63.0,17158,1080954
2023-02-11,Headphones,151.0,35160,5309160
2023-02-12,Router,176.0,20431,3595856
2023-02-12,Laptop,48.0,29896,1435008
2023-02-15,Headphones,101.0,10603,1070903
2023-02-15,Hard Drive,108.0,15517,1675836
2023-02-16,Smartphone,87.0,23952,2083824
2023-02-16,Printer,199.0,22836,4544364
2023-02-16,SSD,30.0,30061,901830
2023-02-16,Mouse,188.0,23171,4356148
2023-02-16,Camera,18.0,26213,471834
2023-02-17,Speaker,152.0,22004,3344608
2023-02-17,Hard Drive,111.0,36229,4021419
2023-02-18,Laptop,15.0,32282,484230
2023-02-18,Graphics Card,175.0,39205,6860875
2023-02-20,Headphones,156.0,5385,840060
2023-02-20,Router,116.0,40054,4646264
2023-02-20,Smartphone,29.0,30113,873277
2023-02-20,Smartwatch,197.0,10450,2058650
2023-02-20,Graphics Card,153.0,33496,5124888
2023-02-22,Router,37.0,15614,577718
2023-02-22,Speaker,158.0,7561,1194638
2023-02-22,Camera,110.0,46232,5085520
2023-02-22,Router,15.0,9814,147210
2023-02-23,Router,21.0,7369,154749
2023-02-23,Keyboard,179.0,18893,3381847
2023-02-23,Headphones,50.0,13005,650250
2023-02-23,Monitor,78.0,22273,1737294
2023-02-24,SSD,116.0,1913,221908
2023-02-24,Smartwatch,58.0,13418,778244
2023-02-25,Printer,35.0,43510,1522850
2023-02-25,Hard Drive,77.0,47080,3625160
2023-02-27,Keyboard,14.0,18791,263074
2023-02-27,Tablet,189.0,16337,3087693
2023-02-27,Printer,119.0,28672,3411968
2023-02-27,Keyboard,192.0,26523,5092416
2023-02-28,Mouse,193.0,10751,2074943
2023-03-02,Graphics Card,83.0,9271,769493
2023-03-03,Laptop,120.0,42256,5070720
2023-03-04,Camera,73.0,34691,2532443
2023-03-04,Laptop,93.0,8911,828723
2023-03-04,Tablet,133.0,46105,6131965
2023-03-04,Smartwatch,114.0,5855,667470
2023-03-06,Smartwatch,183.0,38505,7046415
2023-03-06,Keyboard,147.0,34988,5143236
2023-03-08,Smartphone,16.0,31008,496128
2023-03-10,Router,158.0,10393,1642094
2023-03-10,Smartwatch,128.0,27017,3458176
2023-03-10,SSD,87.0,24435,2125845
2023-03-10,Keyboard,70.0,27513,1925910
2023-03-11,Tablet,195.0,33587,6549465
2023-03-13,Headphones,166.0,12843,2131938
2023-03-13,Laptop,16.0,28101,449616
2023-03-14,Tablet,41.0,30199,1238159
2023-03-15,SSD,110.0,26953,2964830
2023-03-16,Speaker,47.0,17001,799047
2023-03-16,Monitor,106.0,35617,3775402
2023-03-16,Keyboard,11.0,1619,17809
2023-03-16,Smartphone,91.0,45342,4126122
2023-03-17,Keyboard,58.0,14127,819366
2023-03-17,Tablet,14.0,47691,667674
2023-03-19,Mouse,58.0,47056,2729248
2023-03-19,Monitor,82.0,5551,455182
2023-03-19,Tablet,140.0,23954,3353560
2023-03-19,SSD,30.0,18604,558120
2023-03-21,Router,66.0,42612,2812392
2023-03-22,Laptop,46.0,6539,300794
2023-03-22,Printer,136.0,18701,2543336
2023-03-22,Smartwatch,123.0,5598,688554
2023-03-24,Printer,115.0,15549,1788135
2023-03-25,Laptop,162.0,28990,4696380
2023-03-26,Tablet,53.0,23644,1253132
2023-03-27,Smartphone,181.0,42517,7695577
2023-03-27,Keyboard,87.0,23645,2057115
2023-03-27,Headphones,64.0,16754,1072256
2023-03-28,Hard Drive,46.0,42151,1938946
2023-03-29,SSD,10.0,19974,199740
2023-03-29,Smartphone,155.0,15912,2466360
2023-03-30,Mouse,154.0,1638,252252
2023-03-31,Monitor,55.0,47564,2616020
2023-03-31,Headphones,113.0,5942,671446
2023-03-31,Graphics Card,199.0,47235,9399765
2023-04-01,Hard Drive,167.0,45380,7578460
2023-04-02,Monitor,134.0,19639,2631626
2023-04-02,Graphics Card,19.0,45605,866495
2023-04-03,Camera,66.0,20308,1340328
2023-04-04,Printer,,28090,3455070
2023-04-05,Keyboard,42.0,12167,511014
2023-04-05,Graphics Card,107.0,2887,308909
2023-04-05,Headphones,170.0,3742,636140
2023-04-05,Speaker,98.0,43626,4275348
2023-04-06,Headphones,198.0,46279,9163242
2023-04-06,Hard Drive,169.0,8867,1498523
2023-04-06,SSD,17.0,5685,96645
2023-04-06,Smartphone,54.0,13077,706158
2023-04-07,Headphones,28.0,38155,1068340
2023-04-08,Mouse,58.0,27791,1611878
2023-04-09,SSD,142.0,11690,1659980
2023-04-09,Headphones,67.0,42827,2869409
2023-04-09,Mouse,118.0,16490,1945820
2023-04-09,Graphics Card,137.0,34541,4732117
2023-04-09,Monitor,52.0,21183,1101516
2023-04-09,Speaker,158.0,29635,4682330
2023-04-09,Graphics Card,180.0,27464,4943520
2023-04-09,SSD,115.0,47253,5434095
2023-04-10,Mouse,186.0,48380,8998680
2023-04-10,Hard Drive,41.0,5671,232511
2023-04-13,Keyboard,52.0,10676,555152
2023-04-13,SSD,134.0,44299,5936066
2023-04-13,Speaker,140.0,28347,3968580
2023-04-14,Mouse,29.0,36693,1064097
2023-04-14,Smartwatch,199.0,41428,8244172
2023-04-14,Printer,91.0,41969,3819179
2023-04-15,Smartphone,117.0,27056,3165552
2023-04-16,Keyboard,69.0,34724,2395956
2023-04-16,Mouse,158.0,987,155946
2023-04-16,Tablet,157.0,25335,3977595
2023-04-16,Hard Drive,187.0,43278,8092986
2023-04-17,Printer,36.0,45739,1646604
2023-04-17,Smartwatch,125.0,25892,3236500
2023-04-19,Printer,99.0,37361,3698739
2023-04-19,Smartphone,140.0,47168,6603520
2023-04-21,SSD,95.0,18160,1725200
2023-04-21,Camera,123.0,19559,2405757
2023-04-21,Smartphone,12.0,10875,130500
2023-04-22,Router,143.0,48177,6889311
2023-04-23,Printer,114.0,46733,5327562
2023-04-23,Tablet,39.0,40019,1560741
2023-04-23,Smartphone,151.0,11013,1662963
2023-04-23,Router,99.0,15538,1538262
2023-04-23,Monitor,85.0,44702,3799670
2023-04-24,Headphones,48.0,48542,2330016
2023-04-25,Router,159.0,22105,3514695
2023-04-26,SSD,176.0,8168,1437568
2023-04-27,Tablet,35.0,15266,534310
2023-04-27,Hard Drive,37.0,14843,549191
2023-04-27,Camera,192.0,33498,6431616
2023-04-28,Monitor,28.0,1955,54740
2023-04-28,Smartphone,147.0,28378,4171566
2023-04-28,Laptop,117.0,2808,328536
2023-04-28,Smartphone,152.0,5466,830832
2023-04-28,Headphones,171.0,25811,4413681
2023-04-29,Camera,50.0,30822,1541100
2023-04-30,Router,41.0,28164,1154724
2023-04-30,Laptop,119.0,32021,3810499
2023-05-01,Headphones,29.0,12702,368358
2023-05-02,Camera,145.0,6688,969760
2023-05-02,Hard Drive,156.0,42836,6682416
2023-05-03,Speaker,21.0,13383,281043
2023-05-04,Printer,76.0,12552,953952
2023-05-05,Printer,196.0,4827,946092
2023-05-06,Smartphone,178.0,40486,7206508
2023-05-06,Headphones,168.0,28251,4746168
2023-05-06,Monitor,56.0,35336,1978816
2023-05-07,Keyboard,59.0,39129,2308611
2023-05-07,Monitor,60.0,31666,1899960
2023-05-08,Graphics Card,182.0,29318,5335876
2023-05-09,Laptop,194.0,36127,7008638
2023-05-10,Laptop,129.0,20892,2695068
2023-05-10,Graphics Card,64.0,458,29312
2023-05-11,Laptop,141.0,13754,1939314
2023-05-11,SSD,56.0,37922,2123632
2023-05-11,Graphics Card,77.0,13082,1007314
2023-05-12,Graphics Card,190.0,1463,277970
2023-05-12,Laptop,89.0,46707,4156923
2023-05-13,Laptop,190.0,36121,6862990
2023-05-13,Smartwatch,73.0,23720,1731560
2023-05-13,Camera,80.0,5067,405360
2023-05-14,Tablet,122.0,12008,1464976
2023-05-14,Monitor,114.0,37427,4266678
2023-05-15,Monitor,55.0,20484,1126620
2023-05-15,Router,20.0,39952,799040
2023-05-17,Camera,56.0,38809,2173304
2023-05-17,Laptop,56.0,7363,412328
2023-05-17,Smartwatch,171.0,12351,2112021
2023-05-18,Keyboard,95.0,18853,1791035
2023-05-19,Mouse,44.0,17958,790152
2023-05-19,Tablet,43.0,12641,543563
2023-05-20,Headphones,39.0,45146,1760694
2023-05-21,Keyboard,192.0,48792,9368064
2023-05-21,Mouse,118.0,16293,1922574
2023-05-23,Monitor,146.0,13479,1967934
2023-05-23,Laptop,,9789,1262781
2023-05-23,Hard Drive,106.0,39333,4169298
2023-05-24,Headphones,146.0,43065,6287490
2023-05-24,Smartwatch,58.0,45900,2662200
2023-05-24,Smartphone,74.0,7784,576016
2023-05-24,Keyboard,167.0,44795,7480765
2023-05-24,Router,19.0,4313,81947
2023-05-25,SSD,83.0,19267,1599161
2023-05-25,SSD,47.0,19655,923785
2023-05-25,Laptop,185.0,15142,2801270
2023-05-25,Camera,79.0,10785,852015
2023-05-26,Smartphone,69.0,1216,83904
2023-05-26,Graphics Card,118.0,20091,2370738
2023-05-27,Speaker,75.0,10338,775350
2023-05-28,Router,21.0,31049,652029
2023-05-28,Mouse,100.0,39075,3907500
2023-05-28,Mouse,100.0,39075,3907500
2023-05-29,Mouse,56.0,16716,936096
2023-05-30,Smartphone,186.0,38554,7171044
2023-05-31,Smartwatch,63.0,10585,666855
2023-05-31,Headphones,22.0,36709,807598
2023-06-01,Tablet,197.0,38215,7528355
2023-06-02,Laptop,139.0,18454,2565106
2023-06-03,Monitor,136.0,29390,3997040
2023-06-03,Smartphone,,48788,2195460
2023-06-04,Smartwatch,43.0,1198,51514
2023-06-05,Hard Drive,96.0,4217,404832
2023-06-06,Mouse,169.0,36368,6146192
2023-06-06,Graphics Card,39.0,27898,1088022
2023-06-06,Hard Drive,70.0,1581,110670
2023-06-06,Speaker,188.0,5097,958236
2023-06-07,Graphics Card,16.0,27910,446560
2023-06-08,Smartphone,184.0,40993,7542712
2023-06-08,Smartphone,184.0,40993,7542712
2023-06-09,Smartphone,150.0,982,147300
2023-06-09,Tablet,133.0,32541,4327953
2023-06-09,Monitor,95.0,48615,4618425
2023-06-10,Smartphone,150.0,38311,5746650
2023-06-10,Keyboard,14.0,41962,587468
2023-06-10,Laptop,22.0,11490,252780
2023-06-10,Mouse,171.0,14214,2430594
2023-06-11,Printer,18.0,41343,744174
2023-06-11,Camera,156.0,31805,4961580
2023-06-12,Camera,130.0,24187,3144310
2023-06-12,Hard Drive,160.0,6242,998720
2023-06-14,Hard Drive,56.0,13150,736400
2023-06-14,Camera,47.0,5918,278146
2023-06-15,Router,149.0,3683,548767
2023-06-16,Speaker,171.0,23403,4001913
2023-06-16,Router,159.0,34710,5518890
2023-06-17,Router,128.0,15472,1980416
2023-06-17,Headphones,147.0,10804,1588188
2023-06-17,Smartwatch,137.0,23063,3159631
2023-06-19,Hard Drive,33.0,43211,1425963
2023-06-20,Headphones,53.0,26139,1385367
2023-06-21,Keyboard,32.0,28583,914656
2023-06-21,SSD,125.0,49947,6243375
2023-06-22,Smartphone,69.0,44682,3083058
2023-06-22,Graphics Card,69.0,11408,787152
2023-06-22,Laptop,122.0,49529,6042538
2023-06-23,Printer,141.0,43891,6188631
2023-06-24,Smartphone,157.0,2742,430494
2023-06-25,Speaker,175.0,10307,1803725
2023-06-26,Router,195.0,47477,9258015
2023-06-26,Speaker,100.0,41267,4126700
2023-06-26,Printer,66.0,592,39072
2023-06-27,Printer,26.0,182,4732
2023-06-27,Headphones,73.0,11285,823805
2023-06-28,Speaker,13.0,22292,289796
2023-06-28,Smartphone,122.0,4273,521306
2023-06-29,Laptop,76.0,22725,1727100
2023-06-29,Router,133.0,31431,4180323
2023-06-30,SSD,158.0,9864,1558512
2023-07-01,Hard Drive,96.0,46263,4441248
2023-07-01,Keyboard,159.0,28330,4504470
2023-07-01,Graphics Card,33.0,4526,149358
2023-07-02,SSD,26.0,12397,322322
2023-07-03,Laptop,110.0,26862,2954820
2023-07-03,Camera,42.0,20122,845124
2023-07-05,Camera,21.0,24572,516012
2023-07-06,Mouse,89.0,49080,4368120
2023-07-07,Printer,185.0,10616,1963960
2023-07-08,Router,113.0,45509,5142517
2023-07-09,Mouse,17.0,17722,301274
2023-07-09,Hard Drive,12.0,15987,191844
2023-07-09,Speaker,63.0,16815,1059345
2023-07-09,Printer,115.0,11926,1371490
2023-07-09,Hard Drive,168.0,39482,6632976
2023-07-10,Smartwatch,142.0,7395,1050090
2023-07-10,Graphics Card,28.0,41575,1164100
2023-07-11,Hard Drive,83.0,46837,3887471
2023-07-11,SSD,53.0,13424,711472
2023-07-11,Monitor,83.0,28883,2397289
2023-07-11,Router,133.0,17711,2355563
2023-07-13,Smartwatch,,42237,5617521
2023-07-13,Printer,,36318,653724
2023-07-13,Hard Drive,63.0,3966,249858
2023-07-14,Headphones,11.0,20227,222497
2023-07-14,Camera,31.0,41660,1291460
2023-07-14,SSD,,8116,1517692
2023-07-15,Smartwatch,31.0,19071,591201
2023-07-15,Tablet,138.0,16666,2299908
2023-07-15,Headphones,72.0,44467,3201624
2023-07-17,Monitor,156.0,24718,3856008
2023-07-17,Keyboard,182.0,9529,1734278
2023-07-20,SSD,14.0,36512,511168
2023-07-20,Graphics Card,143.0,19318,2762474
2023-07-20,Smartphone,28.0,43003,1204084
2023-07-21,Printer,173.0,38344,6633512
2023-07-21,SSD,24.0,37723,905352
2023-07-22,Smartwatch,69.0,37872,2613168
2023-07-22,Graphics Card,54.0,46269,2498526
2023-07-23,Monitor,158.0,22540,3561320
2023-07-24,Monitor,52.0,37312,1940224
2023-07-25,Tablet,100.0,28097,2809700
2023-07-26,Mouse,174.0,23460,4082040
2023-07-26,Camera,22.0,17397,382734
2023-07-27,SSD,88.0,7266,639408
2023-07-29,Headphones,71.0,32126,2280946
2023-07-29,Hard Drive,,30120,4999920
2023-07-31,Keyboard,51.0,48507,2473857
2023-08-01,Camera,127.0,38558,4896866
2023-08-02,Hard Drive,163.0,9356,1525028
2023-08-03,SSD,115.0,22532,2591180
2023-08-03,Smartphone,108.0,30209,3262572
2023-08-03,Mouse,29.0,12928,374912
2023-08-04,Tablet,53.0,43098,2284194
2023-08-04,Laptop,129.0,35631,4596399
2023-08-05,SSD,48.0,10960,526080
2023-08-05,Monitor,161.0,27908,4493188
2023-08-05,Hard Drive,23.0,20193,464439
2023-08-05,Smartwatch,159.0,34687,5515233
2023-08-06,Mouse,106.0,44279,4693574
2023-08-06,Router,173.0,35305,6107765
2023-08-06,Monitor,136.0,19681,2676616
2023-08-08,Headphones,58.0,45771,2654718
2023-08-08,Keyboard,131.0,44857,5876267
2023-08-08,Keyboard,71.0,20636,1465156
2023-08-08,Hard Drive,84.0,440,36960
2023-08-10,Graphics Card,94.0,37625,3536750
2023-08-11,Mouse,130.0,35026,4553380
2023-08-11,Router,36.0,19724,710064
2023-08-11,Smartwatch,20.0,16309,326180
2023-08-12,Monitor,117.0,43627,5104359
2023-08-13,Router,151.0,34019,5136869
2023-08-13,Laptop,32.0,885,28320
2023-08-13,Laptop,199.0,26517,5276883
2023-08-13,Monitor,117.0,18475,2161575
2023-08-13,Mouse,189.0,16866,3187674
2023-08-14,Hard Drive,112.0,36288,4064256
2023-08-15,Speaker,69.0,30486,2103534
2023-08-15,Tablet,13.0,11804,153452
2023-08-16,Smartwatch,151.0,13894,2097994
2023-08-16,Headphones,36.0,12365,445140
2023-08-17,Tablet,150.0,31081,4662150
2023-08-17,Camera,13.0,33376,433888
2023-08-17,Camera,67.0,21642,1450014
2023-08-17,Smartphone,,7759,1319030
2023-08-17,SSD,68.0,30306,2060808
2023-08-18,Smartphone,16.0,25618,409888
2023-08-18,Router,120.0,37082,4449840
2023-08-19,Graphics Card,178.0,49246,8765788
2023-08-19,Printer,92.0,19456,1789952
2023-08-19,Monitor,59.0,1029,60711
2023-08-19,SSD,81.0,31655,2564055
2023-08-19,Monitor,59.0,1029,60711
2023-08-19,Headphones,64.0,25933,1659712
2023-08-21,Headphones,89.0,15623,1390447
2023-08-21,Camera,117.0,17023,1991691
2023-08-21,Mouse,145.0,38735,5616575
2023-08-21,Speaker,74.0,34804,2575496
2023-08-21,Graphics Card,133.0,32182,4280206
2023-08-21,Router,197.0,10295,2028115
2023-08-22,Laptop,101.0,6239,630139
2023-08-23,Monitor,84.0,31228,2623152
2023-08-24,Graphics Card,171.0,29666,5072886
2023-08-24,Hard Drive,163.0,8299,1352737
2023-08-25,Tablet,90.0,37813,3403170
2023-08-27,Monitor,136.0,20684,2813024
2023-08-27,Monitor,197.0,11791,2322827
2023-08-27,Printer,48.0,24451,1173648
2023-08-29,Tablet,181.0,47598,8615238
2023-08-30,Monitor,24.0,40412,969888
2023-08-30,Router,66.0,2032,134112
2023-08-31,Camera,139.0,18384,2555376
2023-08-31,Camera,13.0,45999,597987
2023-09-01,Smartphone,159.0,38656,6146304
2023-09-01,Smartwatch,182.0,14476,2634632
2023-09-03,Camera,166.0,44816,7439456
2023-09-04,Tablet,187.0,7116,1330692
2023-09-04,Monitor,,25979,3948808
2023-09-06,Speaker,137.0,8255,1130935
2023-09-06,Speaker,144.0,32698,4708512
2023-09-07,Smartphone,152.0,14222,2161744
2023-09-07,Smartphone,152.0,14222,2161744
2023-09-08,Graphics Card,109.0,44354,4834586
2023-09-09,Hard Drive,117.0,39932,4672044
2023-09-09,Hard Drive,64.0,47758,3056512
2023-09-10,Smartwatch,179.0,17077,3056783
2023-09-10,Camera,134.0,46102,6177668
2023-09-10,Keyboard,135.0,12920,1744200
2023-09-10,Keyboard,74.0,41260,3053240
2023-09-10,Router,13.0,44705,581165
2023-09-10,Hard Drive,141.0,20407,2877387
2023-09-11,SSD,140.0,29789,4170460
2023-09-11,Speaker,155.0,36404,5642620
2023-09-11,Smartphone,169.0,5838,986622
2023-09-11,Laptop,17.0,11542,196214
2023-09-11,Hard Drive,80.0,39294,3143520
2023-09-13,Smartwatch,190.0,41316,7850040
2023-09-13,Keyboard,172.0,39221,6746012
2023-09-14,Camera,101.0,19264,1945664
2023-09-15,Tablet,68.0,44552,3029536
2023-09-16,SSD,60.0,9268,556080
2023-09-16,Hard Drive,147.0,23191,3409077
2023-09-16,Keyboard,154.0,6413,987602
2023-09-18,Smartwatch,177.0,16935,2997495
2023-09-18,Router,84.0,27228,2287152
2023-09-20,Monitor,23.0,16959,390057
2023-09-21,Smartwatch,96.0,34424,3304704
2023-09-21,Camera,136.0,16853,2292008
2023-09-21,Camera,115.0,34139,3925985
2023-09-22,SSD,12.0,8647,103764
2023-09-25,Laptop,158.0,19696,3111968
2023-09-25,Router,41.0,3336,136776
2023-09-25,Laptop,158.0,19696,3111968
2023-09-25,Monitor,158.0,20280,3204240
2023-09-26,Hard Drive,161.0,15469,2490509
2023-09-27,SSD,192.0,9528,1829376
2023-09-27,Router,195.0,36532,7123740
2023-09-28,SSD,61.0,44463,2712243
2023-09-28,Headphones,78.0,37537,2927886
2023-09-29,Printer,145.0,8027,1163915
2023-09-30,Router,94.0,21054,1979076
2023-09-30,Printer,117.0,42938,5023746
2023-10-01,Tablet,127.0,10158,1290066
2023-10-01,Graphics Card,60.0,39564,2373840
2023-10-04,Mouse,59.0,5455,321845
2023-10-04,Laptop,98.0,48556,4758488
2023-10-04,Headphones,55.0,42733,2350315
2023-10-04,SSD,49.0,5945,291305
2023-10-04,Router,48.0,4133,198384
2023-10-06,Hard Drive,39.0,27847,1086033
2023-10-07,Camera,175.0,20319,3555825
2023-10-07,Tablet,139.0,12966,1802274
2023-10-08,Headphones,14.0,2276,31864
2023-10-09,Hard Drive,40.0,27982,1119280
2023-10-09,Smartphone,110.0,37144,4085840
2023-10-10,Hard Drive,64.0,2269,145216
2023-10-10,Mouse,,11989,2349844
2023-10-10,SSD,13.0,34005,442065
2023-10-11,Hard Drive,110.0,36774,4045140
2023-10-12,Printer,184.0,33390,6143760
2023-10-12,Mouse,93.0,1406,130758
2023-10-12,Monitor,178.0,3267,581526
2023-10-12,Graphics Card,192.0,38501,7392192
2023-10-13,Router,198.0,29331,5807538
2023-10-15,Router,192.0,8705,1671360
2023-10-16,Monitor,159.0,23355,3713445
2023-10-16,Smartwatch,127.0,15534,1972818
2023-10-16,Mouse,190.0,19108,3630520
2023-10-16,SSD,182.0,18724,3407768
2023-10-16,Tablet,146.0,15001,2190146
2023-10-18,Printer,162.0,19973,3235626
2023-10-19,Printer,62.0,41434,2568908
2023-10-21,Camera,51.0,19654,1002354
2023-10-22,Speaker,108.0,25775,2783700
2023-10-23,Hard Drive,170.0,7546,1282820
2023-10-23,Laptop,146.0,41620,6076520
2023-10-23,Graphics Card,170.0,21305,3621850
2023-10-23,Monitor,10.0,25682,256820
2023-10-24,Keyboard,198.0,26149,5177502
2023-10-25,Keyboard,173.0,44889,7765797
2023-10-27,Tablet,181.0,27227,4928087
2023-10-28,Headphones,12.0,6255,75060
2023-10-29,Laptop,,41028,3897660
2023-10-29,Hard Drive,158.0,5932,937256
2023-10-29,Monitor,88.0,32892,2894496
2023-10-30,Monitor,67.0,22726,1522642
2023-10-30,Headphones,66.0,45650,3012900
2023-10-31,Graphics Card,189.0,657,124173
2023-11-01,Laptop,144.0,28554,4111776
2023-11-01,Router,126.0,22894,2884644
2023-11-01,Monitor,97.0,3949,383053
2023-11-02,Laptop,277.0,8811,2440647
2023-11-02,SSD,261.0,41145,10738845
2023-11-04,Mouse,141.0,18120,2554920
2023-11-05,Hard Drive,274.0,24803,6796022
2023-11-05,Smartwatch,147.0,826,121422
2023-11-08,Laptop,48.0,43898,2107104
2023-11-09,Router,102.0,11436,1166472
2023-11-09,Camera,,23680,5541120
2023-11-10,Laptop,120.0,3844,461280
2023-11-10,Keyboard,132.0,36569,4827108
2023-11-11,Graphics Card,42.0,3932,165144
2023-11-12,Tablet,153.0,34564,5288292
2023-11-12,Camera,52.0,4758,247416
2023-11-14,Smartwatch,37.0,10828,400636
2023-11-14,Keyboard,226.0,48121,10875346
2023-11-14,Keyboard,229.0,23273,5329517
2023-11-15,Router,175.0,11208,1961400
2023-11-16,Router,144.0,506,72864
2023-11-16,Printer,258.0,30981,7993098
2023-11-16,Monitor,19.0,37644,715236
2023-11-17,Printer,117.0,11256,1316952
2023-11-17,Headphones,207.0,12549,2597643
2023-11-18,Graphics Card,51.0,22512,1148112
2023-11-19,Keyboard,222.0,11628,2581416
2023-11-19,Keyboard,222.0,11628,2581416
2023-11-19,SSD,136.0,20231,2751416
2023-11-20,Smartwatch,30.0,7089,212670
2023-11-20,Graphics Card,109.0,19577,2133893
2023-11-21,Monitor,265.0,25782,6832230
2023-11-22,Smartwatch,222.0,28984,6434448
2023-11-22,Keyboard,24.0,19051,457224
2023-11-23,Smartphone,19.0,4125,78375
2023-11-23,SSD,153.0,27090,4144770
2023-11-24,Keyboard,288.0,2193,631584
2023-11-25,Keyboard,154.0,2900,446600
2023-11-26,Printer,183.0,42652,7805316
2023-11-26,Speaker,241.0,9235,2225635
2023-11-27,Graphics Card,259.0,33855,8768445
2023-11-27,Headphones,292.0,7697,2247524
2023-11-30,Smartwatch,112.0,29883,3346896
2023-12-01,Smartphone,234.0,12524,2930616
2023-12-01,Monitor,267.0,36877,9846159
2023-12-02,Hard Drive,243.0,48795,11857185
2023-12-03,Router,132.0,34640,4572480
2023-12-04,Speaker,28.0,1808,50624
2023-12-04,Smartphone,192.0,38492,7390464
2023-12-04,Headphones,103.0,22290,2295870
2023-12-05,Graphics Card,19.0,30216,574104
2023-12-06,SSD,195.0,17254,3364530
2023-12-06,Mouse,79.0,42238,3336802
2023-12-07,Monitor,16.0,41727,667632
2023-12-08,Speaker,43.0,30531,1312833
2023-12-08,Laptop,205.0,20460,4194300
2023-12-08,Keyboard,295.0,23882,7045190
2023-12-08,Mouse,54.0,16446,888084
2023-12-10,Smartphone,129.0,10313,1330377
2023-12-10,Tablet,154.0,3860,594440
2023-12-12,Printer,178.0,25652,4566056
2023-12-12,Laptop,28.0,40586,1136408
2023-12-12,Keyboard,220.0,1205,265100
2023-12-12,Tablet,228.0,42071,9592188
2023-12-12,Monitor,178.0,7391,1315598
2023-12-12,Speaker,237.0,43271,10255227
2023-12-12,Hard Drive,111.0,25127,2789097
2023-12-13,Monitor,96.0,48309,4637664
2023-12-14,Router,268.0,16341,4379388
2023-12-14,Tablet,60.0,6691,401460
2023-12-14,Router,189.0,38111,7202979
2023-12-14,Router,280.0,25472,7132160
2023-12-15,Graphics Card,45.0,40685,1830825
2023-12-15,Hard Drive,106.0,1188,125928
2023-12-15,Mouse,34.0,14952,508368
2023-12-15,Graphics Card,114.0,33034,3765876
2023-12-16,Speaker,178.0,34781,6191018
2023-12-16,SSD,177.0,38502,6814854
2023-12-16,Headphones,177.0,7290,1290330
2023-12-16,Smartphone,45.0,25017,1125765
2023-12-20,Camera,100.0,46192,4619200
2023-12-22,SSD,66.0,38911,2568126
2023-12-23,Camera,156.0,32502,5070312
2023-12-24,SSD,154.0,19090,2939860
2023-12-25,Mouse,229.0,8415,1927035
2023-12-26,Monitor,172.0,29367,5051124
2023-12-26,Speaker,124.0,19802,2455448
2023-12-27,Laptop,231.0,29440,6800640
2023-12-27,SSD,127.0,21829,2772283
2023-12-29,Router,267.0,212,56604
2023-12-29,SSD,270.0,36048,9732960
2023-12-31,Hard Drive,76.0,45707,3473732
2023-12-31,Mouse,273.0,20547,5609331
2023-12-31,Tablet,133.0,24145,3211285
2024-01-02,Graphics Card,107.0,26772,2864604
2024-01-02,Printer,179.0,11877,2125983
2024-01-04,Tablet,138.0,36120,4984560
2024-01-04,Router,28.0,20908,585424
2024-01-04,Printer,182.0,21707,3950674
2024-01-05,Printer,26.0,24135,627510
2024-01-06,Smartwatch,52.0,9380,487760
2024-01-06,Printer,85.0,45370,3856450
2024-01-08,Smartwatch,,19325,444475
2024-01-08,Keyboard,78.0,33940,2647320
2024-01-08,Speaker,11.0,37483,412313
2024-01-08,Speaker,118.0,36181,4269358
2024-01-09,Printer,127.0,25472,3234944
2024-01-09,Printer,107.0,23916,2559012
2024-01-09,Smartwatch,191.0,37953,7249023
2024-01-10,Printer,82.0,49033,4020706
2024-01-11,Router,177.0,20683,3660891
2024-01-11,Graphics Card,189.0,40803,7711767
2024-01-12,Printer,130.0,14238,1850940
2024-01-12,Laptop,41.0,25375,1040375
2024-01-13,Router,57.0,19588,1116516
2024-01-14,Printer,134.0,47875,6415250
2024-01-14,Smartphone,152.0,19008,2889216
2024-01-15,Printer,41.0,26686,1094126
2024-01-15,Camera,46.0,13849,637054
2024-01-15,Printer,97.0,37264,3614608
2024-01-19,Mouse,113.0,33102,3740526
2024-01-20,SSD,167.0,18793,3138431
2024-01-20,Keyboard,199.0,26232,5220168
2024-01-20,Graphics Card,95.0,14079,1337505
2024-01-21,Headphones,117.0,23477,2746809
2024-01-21,Hard Drive,106.0,39165,4151490
2024-01-21,Smartwatch,121.0,24422,2955062
2024-01-21,Tablet,29.0,40605,1177545
2024-01-21,SSD,25.0,2452,61300
2024-01-22,Camera,47.0,2032,95504
2024-01-22,Monitor,67.0,33970,2275990
2024-01-23,Headphones,30.0,9201,276030
2024-01-23,Keyboard,59.0,13492,796028
2024-01-24,SSD,129.0,10817,1395393
2024-01-25,Headphones,135.0,19129,2582415
2024-01-25,Smartphone,28.0,29039,813092
2024-01-26,Speaker,97.0,2020,195940
2024-01-26,SSD,93.0,19019,1768767
2024-01-27,Smartwatch,155.0,39858,6177990
2024-01-27,Mouse,135.0,16599,2240865
2024-01-27,Keyboard,125.0,7314,914250
2024-01-28,Hard Drive,195.0,46201,9009195
2024-01-28,Router,189.0,33055,6247395
2024-01-28,Router,163.0,11967,1950621
2024-01-28,Router,178.0,40479,7205262
2024-01-29,Smartwatch,139.0,14370,1997430
2024-01-29,Printer,160.0,38442,6150720
2024-01-31,SSD,55.0,2200,121000
2024-01-31,Hard Drive,81.0,49231,3987711
2024-01-31,Printer,129.0,21615,2788335
2024-02-01,Keyboard,27.0,28199,761373
2024-02-01,Monitor,120.0,18235,2188200
2024-02-02,Laptop,23.0,41446,953258
2024-02-02,Smartphone,79.0,48896,3862784
2024-02-02,Smartphone,19.0,19603,372457
2024-02-04,Printer,69.0,40691,2807679
2024-02-05,Laptop,137.0,36291,4971867
2024-02-05,Smartphone,168.0,2484,417312
2024-02-05,Keyboard,90.0,43563,3920670
2024-02-05,Smartwatch,58.0,39520,2292160
2024-02-05,Keyboard,90.0,43563,3920670
2024-02-06,Keyboard,98.0,24464,2397472
2024-02-06,Hard Drive,48.0,36276,1741248
2024-02-06,Router,56.0,31326,1754256
2024-02-07,Speaker,160.0,8591,1374560
2024-02-07,Keyboard,121.0,42689,5165369
2024-02-07,Mouse,152.0,35528,5400256
2024-02-08,Monitor,182.0,40797,7425054
2024-02-09,Keyboard,,7946,349624
2024-02-09,Camera,144.0,44623,6425712
2024-02-09,Camera,144.0,44623,6425712
2024-02-09,Camera,97.0,45840,4446480
2024-02-11,Printer,17.0,13803,234651
2024-02-11,Laptop,146.0,12353,1803538
2024-02-11,Smartwatch,41.0,40703,1668823
2024-02-12,Smartphone,127.0,24834,3153918
2024-02-12,Printer,122.0,38110,4649420
2024-02-13,Headphones,103.0,25068,2582004
2024-02-14,Graphics Card,184.0,24985,4597240
2024-02-14,Smartphone,66.0,21744,1435104
2024-02-15,Smartwatch,145.0,31878,4622310
2024-02-15,Speaker,37.0,10678,395086
2024-02-15,Speaker,61.0,20552,1253672
2024-02-17,Tablet,38.0,22261,845918
2024-02-18,Tablet,104.0,1975,205400
2024-02-19,Speaker,42.0,28408,1193136
2024-02-19,Keyboard,141.0,21063,2969883
2024-02-19,Router,99.0,7106,703494
2024-02-20,Tablet,180.0,30754,5535720
2024-02-21,Monitor,41.0,33102,1357182
2024-02-22,Laptop,141.0,2088,294408
2024-02-22,Tablet,55.0,18585,1022175
2024-02-22,Camera,95.0,17608,1672760
2024-02-23,Camera,51.0,16843,858993
2024-02-23,Headphones,100.0,42812,4281200
2024-02-24,Printer,40.0,2908,116320
2024-02-24,Smartphone,119.0,20406,2428314
2024-02-24,Speaker,36.0,38961,1402596
2024-02-24,Smartwatch,54.0,46320,2501280
2024-02-26,Printer,196.0,37155,7282380
2024-02-26,Graphics Card,183.0,48961,8959863
2024-02-26,Monitor,,39510,3437370
2024-02-26,Mouse,96.0,22457,2155872
2024-02-28,Hard Drive,55.0,37063,2038465
2024-02-29,Hard Drive,,49530,8370570
2024-03-02,Laptop,122.0,6418,782996
2024-03-03,Speaker,161.0,30473,4906153
2024-03-04,Smartphone,186.0,12460,2317560
2024-03-06,Smartphone,85.0,22842,1941570
2024-03-07,Camera,100.0,5376,537600
2024-03-10,Graphics Card,124.0,18952,2350048
2024-03-10,Mouse,77.0,46620,3589740
2024-03-10,SSD,177.0,19333,3421941
2024-03-10,Router,143.0,20295,2902185
2024-03-10,Camera,78.0,36535,2849730
2024-03-11,Monitor,126.0,8310,1047060
2024-03-11,Headphones,114.0,23031,2625534
2024-03-11,Monitor,126.0,8310,1047060
2024-03-12,Mouse,21.0,38313,804573
2024-03-12,Laptop,129.0,12967,1672743
2024-03-13,Speaker,106.0,24666,2614596
2024-03-13,Laptop,157.0,2995,470215
2024-03-14,Graphics Card,95.0,16096,1529120
2024-03-16,Laptop,198.0,21075,4172850
2024-03-16,Camera,,40980,7335420
2024-03-16,Monitor,152.0,46573,7079096
2024-03-17,Laptop,24.0,25494,611856
2024-03-17,Smartwatch,93.0,45223,4205739
2024-03-18,Smartwatch,119.0,32352,3849888
2024-03-18,Graphics Card,176.0,15696,2762496
2024-03-19,Camera,169.0,33304,5628376
2024-03-20,Speaker,129.0,21036,2713644
2024-03-20,Tablet,138.0,19704,2719152
2024-03-21,SSD,128.0,38678,4950784
2024-03-21,SSD,91.0,31130,2832830
2024-03-22,Hard Drive,162.0,48866,7916292
2024-03-22,Smartphone,98.0,22701,2224698
2024-03-23,Smartphone,177.0,26500,4690500
2024-03-24,Graphics Card,116.0,30973,3592868
2024-03-25,Camera,138.0,31533,4351554
2024-03-25,Monitor,195.0,43996,8579220
2024-03-26,Smartphone,197.0,13867,2731799
2024-03-28,Smartphone,19.0,14187,269553
2024-03-28,Smartwatch,133.0,22413,2980929
2024-03-28,Speaker,143.0,13993,2000999
2024-03-30,Speaker,141.0,44383,6258003
2024-03-30,SSD,81.0,34496,2794176
2024-03-31,Mouse,184.0,12436,2288224
2024-03-31,Laptop,118.0,27333,3225294
2024-03-31,Smartphone,149.0,8136,1212264
2024-04-01,Smartwatch,97.0,20556,1993932
2024-04-01,Keyboard,54.0,21742,1174068
2024-04-02,Monitor,191.0,7966,1521506
2024-04-02,Router,135.0,18945,2557575
2024-04-03,Smartwatch,165.0,20338,3355770
2024-04-03,Speaker,167.0,3421,571307
2024-04-04,Graphics Card,21.0,10908,229068
2024-04-04,Smartphone,168.0,17473,2935464
2024-04-04,Smartphone,108.0,14582,1574856
2024-04-05,Speaker,109.0,21725,2368025
2024-04-05,Tablet,139.0,46658,6485462
2024-04-05,Smartphone,167.0,28499,4759333
2024-04-06,Smartwatch,140.0,21412,2997680
2024-04-06,Camera,181.0,16502,2986862
2024-04-06,Mouse,58.0,9442,547636
2024-04-08,Hard Drive,189.0,1407,265923
2024-04-10,Mouse,134.0,3796,508664
2024-04-11,Smartwatch,153.0,3411,521883
2024-04-12,SSD,140.0,28090,3932600
2024-04-13,Keyboard,175.0,24829,4345075
2024-04-13,Hard Drive,75.0,28272,2120400
2024-04-14,Speaker,116.0,16773,1945668
2024-04-14,SSD,158.0,40610,6416380
2024-04-15,Monitor,12.0,24089,289068
2024-04-15,Headphones,38.0,40223,1528474
2024-04-16,Keyboard,11.0,42949,472439
2024-04-16,Keyboard,117.0,5719,669123
2024-04-17,Tablet,56.0,49214,2755984
2024-04-17,Graphics Card,102.0,28853,2943006
2024-04-17,Graphics Card,34.0,19695,669630
2024-04-18,Router,75.0,33567,2517525
2024-04-18,Graphics Card,149.0,15375,2290875
2024-04-18,Router,146.0,45126,6588396
2024-04-18,Camera,144.0,8344,1201536
2024-04-19,Printer,51.0,34642,1766742
2024-04-19,Monitor,123.0,41530,5108190
2024-04-19,Printer,188.0,26017,4891196
2024-04-20,Printer,145.0,2700,391500
2024-04-20,Tablet,127.0,29908,3798316
2024-04-20,Hard Drive,192.0,28428,5458176
2024-04-20,Speaker,50.0,17300,865000
2024-04-20,Tablet,161.0,2304,370944
2024-04-21,Speaker,176.0,48538,8542688
2024-04-21,Camera,150.0,45636,6845400
2024-04-21,Graphics Card,30.0,2192,65760
2024-04-21,Speaker,164.0,12406,2034584
2024-04-22,Graphics Card,185.0,28062,5191470
2024-04-25,SSD,112.0,19437,2176944
2024-04-25,Laptop,198.0,15615,3091770
2024-04-28,Camera,178.0,20232,3601296
2024-04-29,Smartwatch,158.0,22952,3626416
2024-04-29,Keyboard,132.0,36736,4849152
2024-04-29,Smartwatch,161.0,13969,2249009
2024-05-02,Monitor,121.0,15749,1905629
2024-05-02,Camera,194.0,719,139486
2024-05-03,Smartwatch,139.0,1240,172360
2024-05-04,Keyboard,176.0,10333,1818608
2024-05-04,Hard Drive,61.0,19910,1214510
2024-05-06,Hard Drive,16.0,22290,356640
2024-05-06,Graphics Card,195.0,44964,8767980
2024-05-07,Mouse,22.0,1478,32516
2024-05-07,Smartphone,152.0,17614,2677328
2024-05-10,Printer,66.0,28138,1857108
2024-05-11,Smartphone,158.0,42361,6693038
2024-05-11,SSD,158.0,3463,547154
2024-05-11,Mouse,87.0,43508,3785196
2024-05-13,Smartwatch,145.0,16311,2365095
2024-05-13,Router,16.0,18726,299616
2024-05-14,Mouse,26.0,18008,468208
2024-05-14,Hard Drive,97.0,4869,472293
2024-05-15,Printer,101.0,25699,2595599
2024-05-15,Router,95.0,32188,3057860
2024-05-16,Graphics Card,106.0,14396,1525976
2024-05-16,Keyboard,158.0,47218,7460444
2024-05-17,Keyboard,51.0,23067,1176417
2024-05-17,Speaker,25.0,46794,1169850
2024-05-17,Mouse,109.0,7719,841371
2024-05-17,SSD,132.0,6006,792792
2024-05-17,Speaker,25.0,46794,1169850
2024-05-18,Hard Drive,139.0,34731,4827609
2024-05-18,Speaker,135.0,16689,2253015
2024-05-19,Smartwatch,109.0,49167,5359203
2024-05-19,Camera,115.0,5989,688735
2024-05-20,Smartphone,115.0,7580,871700
2024-05-20,Mouse,20.0,42451,849020
2024-05-20,Headphones,86.0,37326,3210036
2024-05-20,Hard Drive,26.0,22131,575406
2024-05-22,Smartwatch,185.0,46781,8654485
2024-05-22,Graphics Card,70.0,5822,407540
2024-05-22,Smartwatch,156.0,20800,3244800
2024-05-23,Laptop,58.0,33254,1928732
2024-05-24,Tablet,170.0,15948,2711160
2024-05-24,Speaker,169.0,3902,659438
2024-05-25,SSD,80.0,41092,3287360
2024-05-25,Camera,50.0,8812,440600
2024-05-25,Smartphone,44.0,46940,2065360
2024-05-25,Laptop,172.0,26585,4572620
2024-05-25,Graphics Card,45.0,33803,1521135
2024-05-25,Graphics Card,167.0,42606,7115202
2024-05-26,Headphones,139.0,24397,3391183
2024-05-26,Keyboard,187.0,12044,2252228
2024-05-27,SSD,153.0,8782,1343646
2024-05-27,Router,177.0,41175,7287975
2024-05-27,Router,133.0,19556,2600948
2024-05-27,Headphones,105.0,5690,597450
2024-05-30,Keyboard,61.0,12513,763293
2024-05-30,Router,72.0,11680,840960
2024-05-30,Hard Drive,155.0,2324,360220
2024-05-31,Printer,112.0,32345,3622640
2024-05-31,Router,128.0,45680,5847040
2024-06-01,Tablet,185.0,17064,3156840
2024-06-01,Printer,172.0,42665,7338380
2024-06-01,Laptop,95.0,37076,3522220
2024-06-02,Headphones,134.0,19711,2641274
2024-06-03,Graphics Card,74.0,40795,3018830
2024-06-04,Camera,87.0,36888,3209256
2024-06-05,Mouse,133.0,33867,4504311
2024-06-05,Router,41.0,37391,1533031
2024-06-07,Hard Drive,68.0,17176,1167968
2024-06-08,Tablet,113.0,26066,2945458
2024-06-08,SSD,114.0,8649,985986
2024-06-08,Smartphone,166.0,34873,5788918
2024-06-08,Speaker,12.0,17538,210456
2024-06-09,Printer,112.0,41520,4650240
2024-06-09,Graphics Card,176.0,4657,819632
2024-06-09,Camera,124.0,274,33976
2024-06-09,Tablet,122.0,1232,150304
2024-06-12,SSD,101.0,44605,4505105
2024-06-14,Hard Drive,91.0,27706,2521246
2024-06-15,Keyboard,56.0,48252,2702112
2024-06-15,Router,140.0,15188,2126320
2024-06-17,Smartphone,85.0,19249,1636165
2024-06-20,Hard Drive,30.0,33069,992070
2024-06-20,Smartphone,152.0,47076,7155552
2024-06-21,Monitor,150.0,18614,2792100
2024-06-23,SSD,174.0,27145,4723230
2024-06-24,Laptop,134.0,48713,6527542
2024-06-25,Printer,170.0,19810,3367700
2024-06-26,Hard Drive,165.0,19593,3232845
2024-06-28,Hard Drive,188.0,44860,8433680
2024-06-29,Smartphone,107.0,27336,2924952
2024-06-29,Tablet,72.0,24829,1787688
2024-06-30,Monitor,173.0,376,65048
2024-06-30,Monitor,157.0,23849,3744293
2024-06-30,Laptop,106.0,39432,4179792
2024-06-30,SSD,99.0,27176,2690424
2024-07-01,Smartphone,174.0,25072,4362528
2024-07-01,Camera,137.0,45575,6243775
2024-07-03,Mouse,189.0,31586,5969754
2024-07-03,Mouse,11.0,46389,510279
2024-07-03,Router,140.0,17476,2446640
2024-07-03,Camera,24.0,38178,916272
2024-07-04,Printer,127.0,40686,5167122
2024-07-04,Mouse,29.0,26521,769109
2024-07-04,Mouse,79.0,34164,2698956
2024-07-07,Laptop,69.0,44114,3043866
2024-07-07,Camera,110.0,23255,2558050
2024-07-07,Keyboard,34.0,43933,1493722
2024-07-09,Smartwatch,155.0,43715,6775825
2024-07-09,Printer,21.0,24527,515067
2024-07-09,Camera,155.0,2098,325190
2024-07-09,Laptop,159.0,24423,3883257
2024-07-10,Monitor,44.0,42459,1868196
2024-07-11,Laptop,79.0,39288,3103752
2024-07-12,Hard Drive,30.0,10114,303420
2024-07-13,Printer,47.0,38914,1828958
2024-07-14,SSD,194.0,36422,7065868
2024-07-14,Headphones,198.0,32502,6435396
2024-07-15,SSD,77.0,22885,1762145
2024-07-16,Headphones,181.0,24406,4417486
2024-07-16,Printer,153.0,27010,4132530
2024-07-16,Tablet,126.0,24632,3103632
2024-07-17,Mouse,36.0,11220,403920
2024-07-17,Keyboard,73.0,14662,1070326
2024-07-17,Router,159.0,27816,4422744
2024-07-18,Camera,89.0,31379,2792731
2024-07-18,Headphones,121.0,18299,2214179
2024-07-18,Mouse,131.0,46719,6120189
2024-07-19,Laptop,76.0,44049,3347724
2024-07-19,Graphics Card,173.0,15138,2618874
2024-07-19,Laptop,70.0,32530,2277100
2024-07-19,Hard Drive,109.0,2382,259638
2024-07-20,Smartwatch,129.0,19186,2474994
2024-07-20,Keyboard,177.0,16050,2840850
2024-07-22,Smartphone,173.0,8116,1404068
2024-07-23,Laptop,197.0,28282,5571554
2024-07-23,Mouse,154.0,35648,5489792
2024-07-25,Hard Drive,63.0,46199,2910537
2024-07-25,Graphics Card,17.0,23964,407388
2024-07-25,Graphics Card,137.0,13789,1889093
2024-07-26,Tablet,129.0,43461,5606469
2024-07-27,Speaker,176.0,11272,1983872
2024-07-27,Keyboard,126.0,37225,4690350
2024-07-27,Camera,107.0,19899,2129193
2024-07-27,Camera,142.0,23836,3384712
2024-07-28,Smartphone,102.0,26091,2661282
2024-07-28,SSD,43.0,3051,131193
2024-07-28,Laptop,107.0,39974,4277218
2024-07-28,Headphones,14.0,28897,404558
2024-07-30,Tablet,131.0,12280,1608680
2024-07-31,Speaker,30.0,31412,942360
2024-07-31,Speaker,11.0,39848,438328
2024-08-01,Printer,87.0,36358,3163146
2024-08-01,Graphics Card,20.0,8467,169340
2024-08-02,Hard Drive,,33232,5682672
2024-08-02,Mouse,21.0,45195,949095
2024-08-03,Keyboard,82.0,46254,3792828
2024-08-03,Printer,134.0,33972,4552248
2024-08-04,SSD,128.0,23018,2946304
2024-08-09,Tablet,101.0,20978,2118778
2024-08-10,Smartphone,79.0,19743,1559697
2024-08-10,Laptop,176.0,2014,354464
2024-08-12,Router,145.0,40487,5870615
2024-08-15,Speaker,94.0,13567,1275298
2024-08-16,Headphones,48.0,23073,1107504
2024-08-17,Mouse,17.0,7515,127755
2024-08-18,Keyboard,34.0,18256,620704
2024-08-18,Monitor,26.0,33020,858520
2024-08-20,Smartphone,82.0,489,40098
2024-08-23,Mouse,146.0,12597,1839162
2024-08-23,Smartwatch,55.0,42391,2331505
2024-08-23,Keyboard,120.0,12337,1480440
2024-08-24,Keyboard,60.0,10661,639660
2024-08-24,Printer,160.0,46068,7370880
2024-08-26,SSD,176.0,20158,3547808
2024-08-26,Hard Drive,86.0,37805,3251230
2024-08-26,SSD,78.0,31902,2488356
2024-08-26,Monitor,148.0,39423,5834604
2024-08-27,Graphics Card,144.0,1416,203904
2024-08-28,Smartphone,163.0,30206,4923578
2024-08-28,Router,172.0,2710,466120
2024-08-29,Smartphone,147.0,20720,3045840
2024-08-29,Printer,150.0,9921,1488150
2024-08-29,Speaker,167.0,22418,3743806
2024-08-30,Smartphone,26.0,43248,1124448
2024-08-30,Mouse,113.0,15073,1703249
2024-08-31,Router,167.0,39773,6642091
2024-08-31,Smartwatch,148.0,43764,6477072
2024-08-31,Laptop,26.0,21262,552812
2024-09-01,Monitor,91.0,35019,3186729
2024-09-01,SSD,161.0,6574,1058414
2024-09-02,Tablet,104.0,26186,2723344
2024-09-03,Monitor,153.0,23654,3619062
2024-09-03,Smartwatch,22.0,37596,827112
2024-09-04,Smartwatch,181.0,35696,6460976
2024-09-04,Mouse,173.0,26267,4544191
2024-09-04,Camera,129.0,28794,3714426
2024-09-04,Router,,8656,389520
2024-09-04,Keyboard,77.0,19090,1469930
2024-09-04,Router,133.0,43984,5849872
2024-09-04,Laptop,148.0,31945,4727860
2024-09-06,Smartwatch,44.0,44399,1953556
2024-09-07,SSD,,26600,665000
2024-09-07,Laptop,185.0,1524,281940
2024-09-07,Tablet,86.0,18387,1581282
2024-09-07,Headphones,81.0,6133,496773
2024-09-08,Speaker,98.0,15306,1499988
2024-09-11,Monitor,17.0,4752,80784
2024-09-11,Speaker,86.0,47929,4121894
2024-09-13,Keyboard,17.0,39300,668100
2024-09-14,Laptop,187.0,47957,8967959
2024-09-14,Tablet,170.0,6714,1141380
2024-09-14,Laptop,122.0,16623,2028006
2024-09-14,Speaker,163.0,45914,7483982
2024-09-15,Mouse,138.0,19640,2710320
2024-09-15,Speaker,89.0,1307,116323
2024-09-15,Hard Drive,151.0,10311,1556961
2024-09-16,Smartwatch,150.0,13091,1963650
2024-09-16,Tablet,164.0,2971,487244
2024-09-16,Tablet,160.0,21400,3424000
2024-09-17,Headphones,61.0,48611,2965271
2024-09-17,Hard Drive,38.0,22156,841928
2024-09-18,Mouse,151.0,49179,7426029
2024-09-19,Smartphone,,2554,268170
2024-09-19,Smartphone,21.0,22152,465192
2024-09-21,Camera,15.0,22647,339705
2024-09-22,Headphones,17.0,17098,290666
2024-09-24,Printer,153.0,18656,2854368
2024-09-25,Camera,171.0,34932,5973372
2024-09-25,Speaker,46.0,2845,130870
2024-09-25,Tablet,107.0,35319,3779133
2024-09-25,Keyboard,103.0,34096,3511888
2024-09-26,Speaker,130.0,48467,6300710
2024-09-27,Mouse,142.0,1689,239838
2024-09-28,Smartwatch,160.0,35098,5615680
2024-09-29,Camera,72.0,24870,1790640
2024-09-29,Smartwatch,73.0,9327,680871
2024-09-29,Laptop,163.0,238,38794
2024-09-30,Mouse,35.0,1481,51835
2024-09-30,Keyboard,37.0,10621,392977
2024-10-01,Camera,172.0,24942,4290024
2024-10-01,Camera,37.0,14356,531172
2024-10-01,Graphics Card,45.0,47193,2123685
2024-10-01,Speaker,65.0,15172,986180
2024-10-02,SSD,34.0,3730,126820
2024-10-02,Graphics Card,14.0,46209,646926
2024-10-03,Laptop,11.0,4957,54527
2024-10-03,Headphones,159.0,13522,2149998
2024-10-04,Smartphone,63.0,27591,1738233
2024-10-04,Router,82.0,27940,2291080
2024-10-05,Speaker,71.0,48094,3414674
2024-10-06,Speaker,47.0,5056,237632
2024-10-06,Keyboard,23.0,47475,1091925
2024-10-06,Smartwatch,130.0,5241,681330
2024-10-07,Printer,39.0,34775,1356225
2024-10-07,Keyboard,157.0,23164,3636748
2024-10-07,Camera,39.0,33310,1299090
2024-10-08,Smartphone,150.0,20684,3102600
2024-10-09,Camera,173.0,3831,662763
2024-10-09,Router,163.0,47662,7768906
2024-10-09,Tablet,197.0,15593,3071821
2024-10-09,Smartwatch,162.0,28111,4553982
2024-10-10,Keyboard,12.0,27834,334008
2024-10-11,SSD,194.0,2932,568808
2024-10-13,Headphones,178.0,48751,8677678
2024-10-14,Tablet,29.0,12050,349450
2024-10-14,SSD,156.0,44345,6917820
2024-10-15,Graphics Card,170.0,37406,6359020
2024-10-15,Monitor,57.0,15817,901569
2024-10-16,Printer,76.0,12051,915876
2024-10-17,Laptop,161.0,38433,6187713
2024-10-17,Router,135.0,24242,3272670
2024-10-17,Smartwatch,59.0,33083,1951897
2024-10-18,SSD,168.0,15473,2599464
2024-10-18,Smartphone,128.0,29436,3767808
2024-10-19,Printer,153.0,1501,229653
2024-10-20,Laptop,34.0,12969,440946
2024-10-20,Router,61.0,27043,1649623
2024-10-20,Laptop,157.0,32893,5164201
2024-10-20,Hard Drive,19.0,48114,914166
2024-10-20,Smartphone,67.0,12245,820415
2024-10-21,Smartphone,50.0,11354,567700
2024-10-21,Printer,159.0,41548,6606132
2024-10-21,Graphics Card,82.0,25332,2077224
2024-10-22,Headphones,191.0,9841,1879631
2024-10-23,Tablet,10.0,10925,109250
2024-10-23,Speaker,99.0,35920,3556080
2024-10-23,Monitor,148.0,34248,5068704
2024-10-24,SSD,193.0,15333,2959269
2024-10-24,Headphones,186.0,1296,241056
2024-10-24,Printer,126.0,34882,4395132
2024-10-24,SSD,193.0,15333,2959269
2024-10-25,Smartwatch,22.0,10279,226138
2024-10-25,Monitor,31.0,39229,1216099
2024-10-25,Hard Drive,113.0,18900,2135700
2024-10-25,Smartwatch,85.0,40030,3402550
2024-10-25,Smartphone,106.0,26754,2835924
2024-10-25,Speaker,86.0,13246,1139156
2024-10-26,Tablet,55.0,44914,2470270
2024-10-26,Tablet,30.0,30722,921660
2024-10-27,Camera,15.0,7912,118680
2024-10-27,Camera,61.0,29340,1789740
2024-10-27,Router,81.0,22793,1846233
2024-10-28,Mouse,,27328,3306688
2024-10-29,Headphones,90.0,14924,1343160
2024-10-30,Graphics Card,111.0,14311,1588521
2024-10-31,Smartwatch,185.0,34610,6402850
2024-10-31,Smartphone,30.0,259,7770
2024-10-31,Hard Drive,199.0,2590,515410
2024-11-02,Monitor,238.0,34495,8209810
2024-11-02,Printer,187.0,12821,2397527
2024-11-02,Mouse,112.0,28582,3201184
2024-11-02,Monitor,21.0,20638,433398
2024-11-03,Mouse,276.0,3651,1007676
2024-11-03,Hard Drive,205.0,13627,2793535
2024-11-04,Router,253.0,24920,6304760
2024-11-05,Mouse,114.0,3234,368676
2024-11-05,Monitor,271.0,44959,12183889
2024-11-06,Smartwatch,66.0,6039,398574
2024-11-06,Hard Drive,231.0,43469,10041339
2024-11-06,Mouse,156.0,9183,1432548
2024-11-07,Monitor,58.0,30503,1769174
2024-11-07,Keyboard,229.0,30627,7013583
2024-11-08,Printer,279.0,3094,863226
2024-11-11,Camera,60.0,28498,1709880
2024-11-12,Smartphone,139.0,13495,1875805
2024-11-12,Printer,142.0,20413,2898646
2024-11-12,SSD,76.0,28320,2152320
2024-11-12,Graphics Card,166.0,7169,1190054
2024-11-12,Tablet,273.0,15692,4283916
2024-11-13,Tablet,250.0,19652,4913000
2024-11-14,SSD,258.0,19940,5144520
2024-11-14,Hard Drive,67.0,3367,225589
2024-11-14,Keyboard,186.0,6444,1198584
2024-11-14,SSD,258.0,19940,5144520
2024-11-15,Keyboard,139.0,38970,5416830
2024-11-15,Keyboard,219.0,15371,3366249
2024-11-15,Tablet,108.0,9271,1001268
2024-11-15,Smartphone,255.0,17366,4428330
2024-11-16,Monitor,237.0,21381,5067297
2024-11-17,Router,207.0,44509,9213363
2024-11-18,Mouse,219.0,45995,10072905
2024-11-19,Speaker,46.0,2357,108422
2024-11-19,Smartwatch,67.0,24372,1632924
2024-11-19,Tablet,105.0,1618,169890
2024-11-20,Hard Drive,136.0,12397,1685992
2024-11-20,Smartphone,250.0,34816,8704000
2024-11-21,Hard Drive,274.0,23578,6460372
2024-11-21,Smartwatch,295.0,11838,3492210
2024-11-21,Smartwatch,214.0,26832,5742048
2024-11-22,Mouse,145.0,2468,357860
2024-11-22,Smartwatch,265.0,49912,13226680
2024-11-22,Tablet,195.0,36675,7151625
2024-11-22,Hard Drive,174.0,37826,6581724
2024-11-23,Laptop,100.0,31981,3198100
2024-11-25,Speaker,48.0,30254,1452192
2024-11-26,Speaker,262.0,5086,1332532
2024-11-26,Printer,141.0,25342,3573222
2024-11-27,Graphics Card,171.0,31997,5471487
2024-11-28,Hard Drive,55.0,35423,1948265
2024-11-28,Mouse,117.0,35163,4114071
2024-11-29,Tablet,118.0,5844,689592
2024-11-29,Graphics Card,283.0,2279,644957
2024-11-29,Router,112.0,10682,1196384
2024-11-29,Graphics Card,217.0,25451,5522867
2024-11-30,Smartphone,193.0,13035,2515755
2024-11-30,Speaker,24.0,36676,880224
